Name,BuildConfig,String,MinimumCycles
IsPrefixOfCStrInArray,PGO,$AttrDef,27876
IsPrefixOfStringInTable_1,PGO,$AttrDef,28380
IsPrefixOfStringInTable_2,PGO,$AttrDef,66160
IsPrefixOfStringInTable_3,PGO,$AttrDef,21974
IsPrefixOfStringInTable_4,PGO,$AttrDef,22616
IsPrefixOfStringInTable_5,PGO,$AttrDef,66434
IsPrefixOfStringInTable_6,PGO,$AttrDef,20048
IsPrefixOfStringInTable_7,PGO,$AttrDef,19782
IsPrefixOfStringInTable_8,PGO,$AttrDef,18576
IsPrefixOfStringInTable_9,PGO,$AttrDef,18638
IsPrefixOfStringInTable_10,PGO,$AttrDef,18166
IsPrefixOfStringInTable_11,PGO,$AttrDef,18062
IsPrefixOfStringInTable_12,PGO,$AttrDef,19130
IsPrefixOfStringInTable_13,PGO,$AttrDef,17090
IsPrefixOfStringInTable_14,PGO,$AttrDef,17116
IsPrefixOfStringInTable_x64_1,PGO,$AttrDef,7484
IsPrefixOfStringInTable_x64_2,PGO,$AttrDef,23884
IsPrefixOfStringInTable_x64_3,PGO,$AttrDef,59726
IsPrefixOfStringInTable_x64_4,PGO,$AttrDef,23344
IsPrefixOfStringInTable_x64_5,PGO,$AttrDef,23000
IntegerDivision_x64_1,PGO,$AttrDef,95980
IsPrefixOfCStrInArray,PGO,$BadClus,34338
IsPrefixOfStringInTable_1,PGO,$BadClus,32876
IsPrefixOfStringInTable_2,PGO,$BadClus,66178
IsPrefixOfStringInTable_3,PGO,$BadClus,21992
IsPrefixOfStringInTable_4,PGO,$BadClus,22586
IsPrefixOfStringInTable_5,PGO,$BadClus,66390
IsPrefixOfStringInTable_6,PGO,$BadClus,20074
IsPrefixOfStringInTable_7,PGO,$BadClus,19786
IsPrefixOfStringInTable_8,PGO,$BadClus,18596
IsPrefixOfStringInTable_9,PGO,$BadClus,18658
IsPrefixOfStringInTable_10,PGO,$BadClus,18150
IsPrefixOfStringInTable_11,PGO,$BadClus,18048
IsPrefixOfStringInTable_12,PGO,$BadClus,19086
IsPrefixOfStringInTable_13,PGO,$BadClus,17036
IsPrefixOfStringInTable_14,PGO,$BadClus,17112
IsPrefixOfStringInTable_x64_1,PGO,$BadClus,7484
IsPrefixOfStringInTable_x64_2,PGO,$BadClus,23902
IsPrefixOfStringInTable_x64_3,PGO,$BadClus,59742
IsPrefixOfStringInTable_x64_4,PGO,$BadClus,23374
IsPrefixOfStringInTable_x64_5,PGO,$BadClus,23000
IntegerDivision_x64_1,PGO,$BadClus,95990
IsPrefixOfCStrInArray,PGO,$Bitmap,40804
IsPrefixOfStringInTable_1,PGO,$Bitmap,25952
IsPrefixOfStringInTable_2,PGO,$Bitmap,66154
IsPrefixOfStringInTable_3,PGO,$Bitmap,21994
IsPrefixOfStringInTable_4,PGO,$Bitmap,22586
IsPrefixOfStringInTable_5,PGO,$Bitmap,66414
IsPrefixOfStringInTable_6,PGO,$Bitmap,20072
IsPrefixOfStringInTable_7,PGO,$Bitmap,19790
IsPrefixOfStringInTable_8,PGO,$Bitmap,18602
IsPrefixOfStringInTable_9,PGO,$Bitmap,18658
IsPrefixOfStringInTable_10,PGO,$Bitmap,18164
IsPrefixOfStringInTable_11,PGO,$Bitmap,18054
IsPrefixOfStringInTable_12,PGO,$Bitmap,19138
IsPrefixOfStringInTable_13,PGO,$Bitmap,17072
IsPrefixOfStringInTable_14,PGO,$Bitmap,17118
IsPrefixOfStringInTable_x64_1,PGO,$Bitmap,7488
IsPrefixOfStringInTable_x64_2,PGO,$Bitmap,23914
IsPrefixOfStringInTable_x64_3,PGO,$Bitmap,59742
IsPrefixOfStringInTable_x64_4,PGO,$Bitmap,23366
IsPrefixOfStringInTable_x64_5,PGO,$Bitmap,22994
IntegerDivision_x64_1,PGO,$Bitmap,95972
IsPrefixOfCStrInArray,PGO,$Boot,45280
IsPrefixOfStringInTable_1,PGO,$Boot,25914
IsPrefixOfStringInTable_2,PGO,$Boot,66164
IsPrefixOfStringInTable_3,PGO,$Boot,21992
IsPrefixOfStringInTable_4,PGO,$Boot,22628
IsPrefixOfStringInTable_5,PGO,$Boot,66432
IsPrefixOfStringInTable_6,PGO,$Boot,20070
IsPrefixOfStringInTable_7,PGO,$Boot,19780
IsPrefixOfStringInTable_8,PGO,$Boot,18596
IsPrefixOfStringInTable_9,PGO,$Boot,18664
IsPrefixOfStringInTable_10,PGO,$Boot,18176
IsPrefixOfStringInTable_11,PGO,$Boot,18060
IsPrefixOfStringInTable_12,PGO,$Boot,19128
IsPrefixOfStringInTable_13,PGO,$Boot,16980
IsPrefixOfStringInTable_14,PGO,$Boot,17112
IsPrefixOfStringInTable_x64_1,PGO,$Boot,7484
IsPrefixOfStringInTable_x64_2,PGO,$Boot,23908
IsPrefixOfStringInTable_x64_3,PGO,$Boot,59742
IsPrefixOfStringInTable_x64_4,PGO,$Boot,23370
IsPrefixOfStringInTable_x64_5,PGO,$Boot,23010
IntegerDivision_x64_1,PGO,$Boot,95992
IsPrefixOfCStrInArray,PGO,$Extend,51814
IsPrefixOfStringInTable_1,PGO,$Extend,51992
IsPrefixOfStringInTable_2,PGO,$Extend,66178
IsPrefixOfStringInTable_3,PGO,$Extend,21996
IsPrefixOfStringInTable_4,PGO,$Extend,22634
IsPrefixOfStringInTable_5,PGO,$Extend,66464
IsPrefixOfStringInTable_6,PGO,$Extend,20076
IsPrefixOfStringInTable_7,PGO,$Extend,19790
IsPrefixOfStringInTable_8,PGO,$Extend,18604
IsPrefixOfStringInTable_9,PGO,$Extend,18652
IsPrefixOfStringInTable_10,PGO,$Extend,18186
IsPrefixOfStringInTable_11,PGO,$Extend,18054
IsPrefixOfStringInTable_12,PGO,$Extend,19076
IsPrefixOfStringInTable_13,PGO,$Extend,17040
IsPrefixOfStringInTable_14,PGO,$Extend,17118
IsPrefixOfStringInTable_x64_1,PGO,$Extend,7490
IsPrefixOfStringInTable_x64_2,PGO,$Extend,23904
IsPrefixOfStringInTable_x64_3,PGO,$Extend,59730
IsPrefixOfStringInTable_x64_4,PGO,$Extend,23352
IsPrefixOfStringInTable_x64_5,PGO,$Extend,23000
IntegerDivision_x64_1,PGO,$Extend,95958
IsPrefixOfCStrInArray,PGO,$LogFile,60710
IsPrefixOfStringInTable_1,PGO,$LogFile,69666
IsPrefixOfStringInTable_2,PGO,$LogFile,66162
IsPrefixOfStringInTable_3,PGO,$LogFile,21976
IsPrefixOfStringInTable_4,PGO,$LogFile,22614
IsPrefixOfStringInTable_5,PGO,$LogFile,66390
IsPrefixOfStringInTable_6,PGO,$LogFile,20072
IsPrefixOfStringInTable_7,PGO,$LogFile,19786
IsPrefixOfStringInTable_8,PGO,$LogFile,18590
IsPrefixOfStringInTable_9,PGO,$LogFile,18658
IsPrefixOfStringInTable_10,PGO,$LogFile,18160
IsPrefixOfStringInTable_11,PGO,$LogFile,18030
IsPrefixOfStringInTable_12,PGO,$LogFile,19100
IsPrefixOfStringInTable_13,PGO,$LogFile,17042
IsPrefixOfStringInTable_14,PGO,$LogFile,17116
IsPrefixOfStringInTable_x64_1,PGO,$LogFile,7486
IsPrefixOfStringInTable_x64_2,PGO,$LogFile,23896
IsPrefixOfStringInTable_x64_3,PGO,$LogFile,59746
IsPrefixOfStringInTable_x64_4,PGO,$LogFile,23362
IsPrefixOfStringInTable_x64_5,PGO,$LogFile,23014
IntegerDivision_x64_1,PGO,$LogFile,95994
IsPrefixOfCStrInArray,PGO,$MftMirr,68678
IsPrefixOfStringInTable_1,PGO,$MftMirr,74734
IsPrefixOfStringInTable_2,PGO,$MftMirr,66184
IsPrefixOfStringInTable_3,PGO,$MftMirr,21992
IsPrefixOfStringInTable_4,PGO,$MftMirr,22638
IsPrefixOfStringInTable_5,PGO,$MftMirr,66404
IsPrefixOfStringInTable_6,PGO,$MftMirr,20072
IsPrefixOfStringInTable_7,PGO,$MftMirr,19770
IsPrefixOfStringInTable_8,PGO,$MftMirr,18590
IsPrefixOfStringInTable_9,PGO,$MftMirr,18650
IsPrefixOfStringInTable_10,PGO,$MftMirr,18196
IsPrefixOfStringInTable_11,PGO,$MftMirr,18032
IsPrefixOfStringInTable_12,PGO,$MftMirr,19110
IsPrefixOfStringInTable_13,PGO,$MftMirr,17088
IsPrefixOfStringInTable_14,PGO,$MftMirr,17096
IsPrefixOfStringInTable_x64_1,PGO,$MftMirr,7486
IsPrefixOfStringInTable_x64_2,PGO,$MftMirr,23904
IsPrefixOfStringInTable_x64_3,PGO,$MftMirr,59736
IsPrefixOfStringInTable_x64_4,PGO,$MftMirr,23364
IsPrefixOfStringInTable_x64_5,PGO,$MftMirr,23020
IntegerDivision_x64_1,PGO,$MftMirr,95994
IsPrefixOfCStrInArray,PGO,$Mft,69674
IsPrefixOfStringInTable_1,PGO,$Mft,32846
IsPrefixOfStringInTable_2,PGO,$Mft,66162
IsPrefixOfStringInTable_3,PGO,$Mft,21970
IsPrefixOfStringInTable_4,PGO,$Mft,22668
IsPrefixOfStringInTable_5,PGO,$Mft,66418
IsPrefixOfStringInTable_6,PGO,$Mft,20014
IsPrefixOfStringInTable_7,PGO,$Mft,19764
IsPrefixOfStringInTable_8,PGO,$Mft,18592
IsPrefixOfStringInTable_9,PGO,$Mft,18646
IsPrefixOfStringInTable_10,PGO,$Mft,18180
IsPrefixOfStringInTable_11,PGO,$Mft,18054
IsPrefixOfStringInTable_12,PGO,$Mft,19098
IsPrefixOfStringInTable_13,PGO,$Mft,17034
IsPrefixOfStringInTable_14,PGO,$Mft,17092
IsPrefixOfStringInTable_x64_1,PGO,$Mft,7482
IsPrefixOfStringInTable_x64_2,PGO,$Mft,23900
IsPrefixOfStringInTable_x64_3,PGO,$Mft,59742
IsPrefixOfStringInTable_x64_4,PGO,$Mft,23352
IsPrefixOfStringInTable_x64_5,PGO,$Mft,23018
IntegerDivision_x64_1,PGO,$Mft,95996
IsPrefixOfCStrInArray,PGO,$Secure,79656
IsPrefixOfStringInTable_1,PGO,$Secure,71662
IsPrefixOfStringInTable_2,PGO,$Secure,71336
IsPrefixOfStringInTable_3,PGO,$Secure,27016
IsPrefixOfStringInTable_4,PGO,$Secure,28308
IsPrefixOfStringInTable_5,PGO,$Secure,72986
IsPrefixOfStringInTable_6,PGO,$Secure,25124
IsPrefixOfStringInTable_7,PGO,$Secure,24854
IsPrefixOfStringInTable_8,PGO,$Secure,24084
IsPrefixOfStringInTable_9,PGO,$Secure,24092
IsPrefixOfStringInTable_10,PGO,$Secure,24066
IsPrefixOfStringInTable_11,PGO,$Secure,23520
IsPrefixOfStringInTable_12,PGO,$Secure,24278
IsPrefixOfStringInTable_13,PGO,$Secure,21254
IsPrefixOfStringInTable_14,PGO,$Secure,21338
IsPrefixOfStringInTable_x64_1,PGO,$Secure,7486
IsPrefixOfStringInTable_x64_2,PGO,$Secure,33648
IsPrefixOfStringInTable_x64_3,PGO,$Secure,65712
IsPrefixOfStringInTable_x64_4,PGO,$Secure,33394
IsPrefixOfStringInTable_x64_5,PGO,$Secure,33086
IntegerDivision_x64_1,PGO,$Secure,95982
IsPrefixOfCStrInArray,PGO,$UpCase,87624
IsPrefixOfStringInTable_1,PGO,$UpCase,84654
IsPrefixOfStringInTable_2,PGO,$UpCase,71284
IsPrefixOfStringInTable_3,PGO,$UpCase,27024
IsPrefixOfStringInTable_4,PGO,$UpCase,28304
IsPrefixOfStringInTable_5,PGO,$UpCase,73008
IsPrefixOfStringInTable_6,PGO,$UpCase,25098
IsPrefixOfStringInTable_7,PGO,$UpCase,24934
IsPrefixOfStringInTable_8,PGO,$UpCase,24104
IsPrefixOfStringInTable_9,PGO,$UpCase,24066
IsPrefixOfStringInTable_10,PGO,$UpCase,24124
IsPrefixOfStringInTable_11,PGO,$UpCase,23464
IsPrefixOfStringInTable_12,PGO,$UpCase,24308
IsPrefixOfStringInTable_13,PGO,$UpCase,21244
IsPrefixOfStringInTable_14,PGO,$UpCase,21324
IsPrefixOfStringInTable_x64_1,PGO,$UpCase,7488
IsPrefixOfStringInTable_x64_2,PGO,$UpCase,33626
IsPrefixOfStringInTable_x64_3,PGO,$UpCase,65722
IsPrefixOfStringInTable_x64_4,PGO,$UpCase,33378
IsPrefixOfStringInTable_x64_5,PGO,$UpCase,33092
IntegerDivision_x64_1,PGO,$UpCase,95984
IsPrefixOfCStrInArray,PGO,$Volume,90476
IsPrefixOfStringInTable_1,PGO,$Volume,88658
IsPrefixOfStringInTable_2,PGO,$Volume,71328
IsPrefixOfStringInTable_3,PGO,$Volume,26974
IsPrefixOfStringInTable_4,PGO,$Volume,28302
IsPrefixOfStringInTable_5,PGO,$Volume,73042
IsPrefixOfStringInTable_6,PGO,$Volume,25090
IsPrefixOfStringInTable_7,PGO,$Volume,24948
IsPrefixOfStringInTable_8,PGO,$Volume,24144
IsPrefixOfStringInTable_9,PGO,$Volume,24066
IsPrefixOfStringInTable_10,PGO,$Volume,24098
IsPrefixOfStringInTable_11,PGO,$Volume,23462
IsPrefixOfStringInTable_12,PGO,$Volume,24296
IsPrefixOfStringInTable_13,PGO,$Volume,21252
IsPrefixOfStringInTable_14,PGO,$Volume,21304
IsPrefixOfStringInTable_x64_1,PGO,$Volume,7486
IsPrefixOfStringInTable_x64_2,PGO,$Volume,33648
IsPrefixOfStringInTable_x64_3,PGO,$Volume,65726
IsPrefixOfStringInTable_x64_4,PGO,$Volume,33402
IsPrefixOfStringInTable_x64_5,PGO,$Volume,33092
IntegerDivision_x64_1,PGO,$Volume,95966
IsPrefixOfCStrInArray,PGO,$Cairo,94608
IsPrefixOfStringInTable_1,PGO,$Cairo,66706
IsPrefixOfStringInTable_2,PGO,$Cairo,71348
IsPrefixOfStringInTable_3,PGO,$Cairo,27012
IsPrefixOfStringInTable_4,PGO,$Cairo,28286
IsPrefixOfStringInTable_5,PGO,$Cairo,73076
IsPrefixOfStringInTable_6,PGO,$Cairo,25086
IsPrefixOfStringInTable_7,PGO,$Cairo,24940
IsPrefixOfStringInTable_8,PGO,$Cairo,24146
IsPrefixOfStringInTable_9,PGO,$Cairo,24034
IsPrefixOfStringInTable_10,PGO,$Cairo,24108
IsPrefixOfStringInTable_11,PGO,$Cairo,23466
IsPrefixOfStringInTable_12,PGO,$Cairo,24308
IsPrefixOfStringInTable_13,PGO,$Cairo,21242
IsPrefixOfStringInTable_14,PGO,$Cairo,21310
IsPrefixOfStringInTable_x64_1,PGO,$Cairo,7484
IsPrefixOfStringInTable_x64_2,PGO,$Cairo,33620
IsPrefixOfStringInTable_x64_3,PGO,$Cairo,65718
IsPrefixOfStringInTable_x64_4,PGO,$Cairo,33400
IsPrefixOfStringInTable_x64_5,PGO,$Cairo,33092
IntegerDivision_x64_1,PGO,$Cairo,95988
IsPrefixOfCStrInArray,PGO,$INDEX_ALLOCATION,126516
IsPrefixOfStringInTable_1,PGO,$INDEX_ALLOCATION,137578
IsPrefixOfStringInTable_2,PGO,$INDEX_ALLOCATION,65812
IsPrefixOfStringInTable_3,PGO,$INDEX_ALLOCATION,32846
IsPrefixOfStringInTable_4,PGO,$INDEX_ALLOCATION,36102
IsPrefixOfStringInTable_5,PGO,$INDEX_ALLOCATION,63696
IsPrefixOfStringInTable_6,PGO,$INDEX_ALLOCATION,32412
IsPrefixOfStringInTable_7,PGO,$INDEX_ALLOCATION,32402
IsPrefixOfStringInTable_8,PGO,$INDEX_ALLOCATION,29976
IsPrefixOfStringInTable_9,PGO,$INDEX_ALLOCATION,30254
IsPrefixOfStringInTable_10,PGO,$INDEX_ALLOCATION,30106
IsPrefixOfStringInTable_11,PGO,$INDEX_ALLOCATION,31142
IsPrefixOfStringInTable_12,PGO,$INDEX_ALLOCATION,31640
IsPrefixOfStringInTable_13,PGO,$INDEX_ALLOCATION,27228
IsPrefixOfStringInTable_14,PGO,$INDEX_ALLOCATION,27160
IsPrefixOfStringInTable_x64_1,PGO,$INDEX_ALLOCATION,7488
IsPrefixOfStringInTable_x64_2,PGO,$INDEX_ALLOCATION,43170
IsPrefixOfStringInTable_x64_3,PGO,$INDEX_ALLOCATION,121556
IsPrefixOfStringInTable_x64_4,PGO,$INDEX_ALLOCATION,43338
IsPrefixOfStringInTable_x64_5,PGO,$INDEX_ALLOCATION,42444
IntegerDivision_x64_1,PGO,$INDEX_ALLOCATION,95960
IsPrefixOfCStrInArray,PGO,$DATA,105124
IsPrefixOfStringInTable_1,PGO,$DATA,67676
IsPrefixOfStringInTable_2,PGO,$DATA,71358
IsPrefixOfStringInTable_3,PGO,$DATA,26944
IsPrefixOfStringInTable_4,PGO,$DATA,28272
IsPrefixOfStringInTable_5,PGO,$DATA,73054
IsPrefixOfStringInTable_6,PGO,$DATA,25140
IsPrefixOfStringInTable_7,PGO,$DATA,24972
IsPrefixOfStringInTable_8,PGO,$DATA,24186
IsPrefixOfStringInTable_9,PGO,$DATA,24054
IsPrefixOfStringInTable_10,PGO,$DATA,24068
IsPrefixOfStringInTable_11,PGO,$DATA,23452
IsPrefixOfStringInTable_12,PGO,$DATA,24286
IsPrefixOfStringInTable_13,PGO,$DATA,21260
IsPrefixOfStringInTable_14,PGO,$DATA,21314
IsPrefixOfStringInTable_x64_1,PGO,$DATA,7482
IsPrefixOfStringInTable_x64_2,PGO,$DATA,33604
IsPrefixOfStringInTable_x64_3,PGO,$DATA,65726
IsPrefixOfStringInTable_x64_4,PGO,$DATA,33372
IsPrefixOfStringInTable_x64_5,PGO,$DATA,33096
IntegerDivision_x64_1,PGO,$DATA,95992
IsPrefixOfCStrInArray,PGO,????,76130
IsPrefixOfStringInTable_1,PGO,????,55768
IsPrefixOfStringInTable_2,PGO,????,66160
IsPrefixOfStringInTable_3,PGO,????,21986
IsPrefixOfStringInTable_4,PGO,????,22656
IsPrefixOfStringInTable_5,PGO,????,66404
IsPrefixOfStringInTable_6,PGO,????,20076
IsPrefixOfStringInTable_7,PGO,????,19764
IsPrefixOfStringInTable_8,PGO,????,18586
IsPrefixOfStringInTable_9,PGO,????,18650
IsPrefixOfStringInTable_10,PGO,????,18160
IsPrefixOfStringInTable_11,PGO,????,18050
IsPrefixOfStringInTable_12,PGO,????,19126
IsPrefixOfStringInTable_13,PGO,????,16986
IsPrefixOfStringInTable_14,PGO,????,17118
IsPrefixOfStringInTable_x64_1,PGO,????,7488
IsPrefixOfStringInTable_x64_2,PGO,????,23900
IsPrefixOfStringInTable_x64_3,PGO,????,59740
IsPrefixOfStringInTable_x64_4,PGO,????,23336
IsPrefixOfStringInTable_x64_5,PGO,????,23018
IntegerDivision_x64_1,PGO,????,95990
IsPrefixOfCStrInArray,PGO,.,71336
IsPrefixOfStringInTable_1,PGO,.,43790
IsPrefixOfStringInTable_2,PGO,.,66168
IsPrefixOfStringInTable_3,PGO,.,21990
IsPrefixOfStringInTable_4,PGO,.,22582
IsPrefixOfStringInTable_5,PGO,.,66448
IsPrefixOfStringInTable_6,PGO,.,20070
IsPrefixOfStringInTable_7,PGO,.,19766
IsPrefixOfStringInTable_8,PGO,.,18592
IsPrefixOfStringInTable_9,PGO,.,18654
IsPrefixOfStringInTable_10,PGO,.,18174
IsPrefixOfStringInTable_11,PGO,.,18068
IsPrefixOfStringInTable_12,PGO,.,19130
IsPrefixOfStringInTable_13,PGO,.,17086
IsPrefixOfStringInTable_14,PGO,.,17084
IsPrefixOfStringInTable_x64_1,PGO,.,7492
IsPrefixOfStringInTable_x64_2,PGO,.,23904
IsPrefixOfStringInTable_x64_3,PGO,.,59742
IsPrefixOfStringInTable_x64_4,PGO,.,23344
IsPrefixOfStringInTable_x64_5,PGO,.,23020
IntegerDivision_x64_1,PGO,.,95980
IsPrefixOfCStrInArray,PGO,$Bai123456789012,121810
IsPrefixOfStringInTable_1,PGO,$Bai123456789012,152330
IsPrefixOfStringInTable_2,PGO,$Bai123456789012,65296
IsPrefixOfStringInTable_3,PGO,$Bai123456789012,33236
IsPrefixOfStringInTable_4,PGO,$Bai123456789012,35924
IsPrefixOfStringInTable_5,PGO,$Bai123456789012,66222
IsPrefixOfStringInTable_6,PGO,$Bai123456789012,32664
IsPrefixOfStringInTable_7,PGO,$Bai123456789012,32314
IsPrefixOfStringInTable_8,PGO,$Bai123456789012,32140
IsPrefixOfStringInTable_9,PGO,$Bai123456789012,31532
IsPrefixOfStringInTable_10,PGO,$Bai123456789012,31098
IsPrefixOfStringInTable_11,PGO,$Bai123456789012,30400
IsPrefixOfStringInTable_12,PGO,$Bai123456789012,30950
IsPrefixOfStringInTable_13,PGO,$Bai123456789012,26918
IsPrefixOfStringInTable_14,PGO,$Bai123456789012,27030
IsPrefixOfStringInTable_x64_1,PGO,$Bai123456789012,7494
IsPrefixOfStringInTable_x64_2,PGO,$Bai123456789012,46290
IsPrefixOfStringInTable_x64_3,PGO,$Bai123456789012,71878
IsPrefixOfStringInTable_x64_4,PGO,$Bai123456789012,46350
IsPrefixOfStringInTable_x64_5,PGO,$Bai123456789012,46288
IntegerDivision_x64_1,PGO,$Bai123456789012,95956
IsPrefixOfCStrInArray,PGO,a,73968
IsPrefixOfStringInTable_1,PGO,a,46814
IsPrefixOfStringInTable_2,PGO,a,46760
IsPrefixOfStringInTable_3,PGO,a,17114
IsPrefixOfStringInTable_4,PGO,a,18940
IsPrefixOfStringInTable_5,PGO,a,44776
IsPrefixOfStringInTable_6,PGO,a,14960
IsPrefixOfStringInTable_7,PGO,a,15148
IsPrefixOfStringInTable_8,PGO,a,13428
IsPrefixOfStringInTable_9,PGO,a,12000
IsPrefixOfStringInTable_10,PGO,a,12000
IsPrefixOfStringInTable_11,PGO,a,12156
IsPrefixOfStringInTable_12,PGO,a,12004
IsPrefixOfStringInTable_13,PGO,a,11506
IsPrefixOfStringInTable_14,PGO,a,11012
IsPrefixOfStringInTable_x64_1,PGO,a,7496
IsPrefixOfStringInTable_x64_2,PGO,a,7982
IsPrefixOfStringInTable_x64_3,PGO,a,37164
IsPrefixOfStringInTable_x64_4,PGO,a,7024
IsPrefixOfStringInTable_x64_5,PGO,a,7000
IntegerDivision_x64_1,PGO,a,95984
IsPrefixOfCStrInArray,PGO,fox1,73934
IsPrefixOfStringInTable_1,PGO,fox1,58800
IsPrefixOfStringInTable_2,PGO,fox1,46774
IsPrefixOfStringInTable_3,PGO,fox1,17116
IsPrefixOfStringInTable_4,PGO,fox1,18944
IsPrefixOfStringInTable_5,PGO,fox1,44798
IsPrefixOfStringInTable_6,PGO,fox1,14962
IsPrefixOfStringInTable_7,PGO,fox1,15164
IsPrefixOfStringInTable_8,PGO,fox1,13430
IsPrefixOfStringInTable_9,PGO,fox1,11998
IsPrefixOfStringInTable_10,PGO,fox1,12004
IsPrefixOfStringInTable_11,PGO,fox1,12168
IsPrefixOfStringInTable_12,PGO,fox1,12004
IsPrefixOfStringInTable_13,PGO,fox1,11500
IsPrefixOfStringInTable_14,PGO,fox1,11014
IsPrefixOfStringInTable_x64_1,PGO,fox1,7484
IsPrefixOfStringInTable_x64_2,PGO,fox1,7980
IsPrefixOfStringInTable_x64_3,PGO,fox1,37164
IsPrefixOfStringInTable_x64_4,PGO,fox1,7024
IsPrefixOfStringInTable_x64_5,PGO,fox1,6992
IntegerDivision_x64_1,PGO,fox1,95956
IsPrefixOfCStrInArray,PGO,abcdefghijklmnopqrstuvw,74002
IsPrefixOfStringInTable_1,PGO,abcdefghijklmnopqrstuvw,104644
IsPrefixOfStringInTable_2,PGO,abcdefghijklmnopqrstuvw,42804
IsPrefixOfStringInTable_3,PGO,abcdefghijklmnopqrstuvw,17452
IsPrefixOfStringInTable_4,PGO,abcdefghijklmnopqrstuvw,18946
IsPrefixOfStringInTable_5,PGO,abcdefghijklmnopqrstuvw,41902
IsPrefixOfStringInTable_6,PGO,abcdefghijklmnopqrstuvw,15558
IsPrefixOfStringInTable_7,PGO,abcdefghijklmnopqrstuvw,15166
IsPrefixOfStringInTable_8,PGO,abcdefghijklmnopqrstuvw,13426
IsPrefixOfStringInTable_9,PGO,abcdefghijklmnopqrstuvw,11984
IsPrefixOfStringInTable_10,PGO,abcdefghijklmnopqrstuvw,12002
IsPrefixOfStringInTable_11,PGO,abcdefghijklmnopqrstuvw,12172
IsPrefixOfStringInTable_12,PGO,abcdefghijklmnopqrstuvw,12002
IsPrefixOfStringInTable_13,PGO,abcdefghijklmnopqrstuvw,11474
IsPrefixOfStringInTable_14,PGO,abcdefghijklmnopqrstuvw,11012
IsPrefixOfStringInTable_x64_1,PGO,abcdefghijklmnopqrstuvw,7490
IsPrefixOfStringInTable_x64_2,PGO,abcdefghijklmnopqrstuvw,7982
IsPrefixOfStringInTable_x64_3,PGO,abcdefghijklmnopqrstuvw,37174
IsPrefixOfStringInTable_x64_4,PGO,abcdefghijklmnopqrstuvw,7022
IsPrefixOfStringInTable_x64_5,PGO,abcdefghijklmnopqrstuvw,6994
IntegerDivision_x64_1,PGO,abcdefghijklmnopqrstuvw,95998
Name,BuildConfig,String,MinimumCycles
IsPrefixOfCStrInArray,Release,$AttrDef,28194
IsPrefixOfStringInTable_1,Release,$AttrDef,24472
IsPrefixOfStringInTable_2,Release,$AttrDef,66896
IsPrefixOfStringInTable_3,Release,$AttrDef,23960
IsPrefixOfStringInTable_4,Release,$AttrDef,23034
IsPrefixOfStringInTable_5,Release,$AttrDef,66904
IsPrefixOfStringInTable_6,Release,$AttrDef,20938
IsPrefixOfStringInTable_7,Release,$AttrDef,20940
IsPrefixOfStringInTable_8,Release,$AttrDef,20008
IsPrefixOfStringInTable_9,Release,$AttrDef,19050
IsPrefixOfStringInTable_10,Release,$AttrDef,19062
IsPrefixOfStringInTable_11,Release,$AttrDef,18990
IsPrefixOfStringInTable_12,Release,$AttrDef,19924
IsPrefixOfStringInTable_13,Release,$AttrDef,18986
IsPrefixOfStringInTable_14,Release,$AttrDef,19972
IsPrefixOfStringInTable_x64_1,Release,$AttrDef,7484
IsPrefixOfStringInTable_x64_2,Release,$AttrDef,23880
IsPrefixOfStringInTable_x64_3,Release,$AttrDef,59744
IsPrefixOfStringInTable_x64_4,Release,$AttrDef,23356
IsPrefixOfStringInTable_x64_5,Release,$AttrDef,23066
IntegerDivision_x64_1,Release,$AttrDef,95480
IsPrefixOfCStrInArray,Release,$BadClus,34332
IsPrefixOfStringInTable_1,Release,$BadClus,31108
IsPrefixOfStringInTable_2,Release,$BadClus,66946
IsPrefixOfStringInTable_3,Release,$BadClus,23996
IsPrefixOfStringInTable_4,Release,$BadClus,23046
IsPrefixOfStringInTable_5,Release,$BadClus,66894
IsPrefixOfStringInTable_6,Release,$BadClus,20934
IsPrefixOfStringInTable_7,Release,$BadClus,20934
IsPrefixOfStringInTable_8,Release,$BadClus,19982
IsPrefixOfStringInTable_9,Release,$BadClus,19056
IsPrefixOfStringInTable_10,Release,$BadClus,19052
IsPrefixOfStringInTable_11,Release,$BadClus,18990
IsPrefixOfStringInTable_12,Release,$BadClus,19940
IsPrefixOfStringInTable_13,Release,$BadClus,18986
IsPrefixOfStringInTable_14,Release,$BadClus,19914
IsPrefixOfStringInTable_x64_1,Release,$BadClus,7484
IsPrefixOfStringInTable_x64_2,Release,$BadClus,23920
IsPrefixOfStringInTable_x64_3,Release,$BadClus,59726
IsPrefixOfStringInTable_x64_4,Release,$BadClus,23372
IsPrefixOfStringInTable_x64_5,Release,$BadClus,23068
IntegerDivision_x64_1,Release,$BadClus,95490
IsPrefixOfCStrInArray,Release,$Bitmap,40798
IsPrefixOfStringInTable_1,Release,$Bitmap,30888
IsPrefixOfStringInTable_2,Release,$Bitmap,66900
IsPrefixOfStringInTable_3,Release,$Bitmap,23978
IsPrefixOfStringInTable_4,Release,$Bitmap,23052
IsPrefixOfStringInTable_5,Release,$Bitmap,66908
IsPrefixOfStringInTable_6,Release,$Bitmap,20938
IsPrefixOfStringInTable_7,Release,$Bitmap,20938
IsPrefixOfStringInTable_8,Release,$Bitmap,20004
IsPrefixOfStringInTable_9,Release,$Bitmap,19072
IsPrefixOfStringInTable_10,Release,$Bitmap,19048
IsPrefixOfStringInTable_11,Release,$Bitmap,18990
IsPrefixOfStringInTable_12,Release,$Bitmap,19928
IsPrefixOfStringInTable_13,Release,$Bitmap,18986
IsPrefixOfStringInTable_14,Release,$Bitmap,19926
IsPrefixOfStringInTable_x64_1,Release,$Bitmap,7484
IsPrefixOfStringInTable_x64_2,Release,$Bitmap,23892
IsPrefixOfStringInTable_x64_3,Release,$Bitmap,59732
IsPrefixOfStringInTable_x64_4,Release,$Bitmap,23360
IsPrefixOfStringInTable_x64_5,Release,$Bitmap,23032
IntegerDivision_x64_1,Release,$Bitmap,95528
IsPrefixOfCStrInArray,Release,$Boot,49754
IsPrefixOfStringInTable_1,Release,$Boot,33056
IsPrefixOfStringInTable_2,Release,$Boot,66908
IsPrefixOfStringInTable_3,Release,$Boot,23980
IsPrefixOfStringInTable_4,Release,$Boot,23056
IsPrefixOfStringInTable_5,Release,$Boot,66920
IsPrefixOfStringInTable_6,Release,$Boot,20934
IsPrefixOfStringInTable_7,Release,$Boot,20936
IsPrefixOfStringInTable_8,Release,$Boot,20010
IsPrefixOfStringInTable_9,Release,$Boot,19066
IsPrefixOfStringInTable_10,Release,$Boot,19054
IsPrefixOfStringInTable_11,Release,$Boot,18988
IsPrefixOfStringInTable_12,Release,$Boot,19960
IsPrefixOfStringInTable_13,Release,$Boot,18984
IsPrefixOfStringInTable_14,Release,$Boot,19972
IsPrefixOfStringInTable_x64_1,Release,$Boot,7486
IsPrefixOfStringInTable_x64_2,Release,$Boot,23900
IsPrefixOfStringInTable_x64_3,Release,$Boot,59748
IsPrefixOfStringInTable_x64_4,Release,$Boot,23366
IsPrefixOfStringInTable_x64_5,Release,$Boot,23026
IntegerDivision_x64_1,Release,$Boot,95482
IsPrefixOfCStrInArray,Release,$Extend,52746
IsPrefixOfStringInTable_1,Release,$Extend,44052
IsPrefixOfStringInTable_2,Release,$Extend,66884
IsPrefixOfStringInTable_3,Release,$Extend,23962
IsPrefixOfStringInTable_4,Release,$Extend,23058
IsPrefixOfStringInTable_5,Release,$Extend,66898
IsPrefixOfStringInTable_6,Release,$Extend,20912
IsPrefixOfStringInTable_7,Release,$Extend,20934
IsPrefixOfStringInTable_8,Release,$Extend,19980
IsPrefixOfStringInTable_9,Release,$Extend,19060
IsPrefixOfStringInTable_10,Release,$Extend,19044
IsPrefixOfStringInTable_11,Release,$Extend,18986
IsPrefixOfStringInTable_12,Release,$Extend,19918
IsPrefixOfStringInTable_13,Release,$Extend,18980
IsPrefixOfStringInTable_14,Release,$Extend,19926
IsPrefixOfStringInTable_x64_1,Release,$Extend,7486
IsPrefixOfStringInTable_x64_2,Release,$Extend,23888
IsPrefixOfStringInTable_x64_3,Release,$Extend,59732
IsPrefixOfStringInTable_x64_4,Release,$Extend,23366
IsPrefixOfStringInTable_x64_5,Release,$Extend,23024
IntegerDivision_x64_1,Release,$Extend,95482
IsPrefixOfCStrInArray,Release,$LogFile,63692
IsPrefixOfStringInTable_1,Release,$LogFile,54762
IsPrefixOfStringInTable_2,Release,$LogFile,66874
IsPrefixOfStringInTable_3,Release,$LogFile,23976
IsPrefixOfStringInTable_4,Release,$LogFile,23020
IsPrefixOfStringInTable_5,Release,$LogFile,66898
IsPrefixOfStringInTable_6,Release,$LogFile,20938
IsPrefixOfStringInTable_7,Release,$LogFile,20938
IsPrefixOfStringInTable_8,Release,$LogFile,19982
IsPrefixOfStringInTable_9,Release,$LogFile,19068
IsPrefixOfStringInTable_10,Release,$LogFile,19074
IsPrefixOfStringInTable_11,Release,$LogFile,18992
IsPrefixOfStringInTable_12,Release,$LogFile,19922
IsPrefixOfStringInTable_13,Release,$LogFile,18986
IsPrefixOfStringInTable_14,Release,$LogFile,19956
IsPrefixOfStringInTable_x64_1,Release,$LogFile,7482
IsPrefixOfStringInTable_x64_2,Release,$LogFile,23904
IsPrefixOfStringInTable_x64_3,Release,$LogFile,59726
IsPrefixOfStringInTable_x64_4,Release,$LogFile,23362
IsPrefixOfStringInTable_x64_5,Release,$LogFile,22998
IntegerDivision_x64_1,Release,$LogFile,95480
IsPrefixOfCStrInArray,Release,$MftMirr,74150
IsPrefixOfStringInTable_1,Release,$MftMirr,60712
IsPrefixOfStringInTable_2,Release,$MftMirr,66906
IsPrefixOfStringInTable_3,Release,$MftMirr,23988
IsPrefixOfStringInTable_4,Release,$MftMirr,23020
IsPrefixOfStringInTable_5,Release,$MftMirr,66902
IsPrefixOfStringInTable_6,Release,$MftMirr,20914
IsPrefixOfStringInTable_7,Release,$MftMirr,20914
IsPrefixOfStringInTable_8,Release,$MftMirr,19984
IsPrefixOfStringInTable_9,Release,$MftMirr,19046
IsPrefixOfStringInTable_10,Release,$MftMirr,19038
IsPrefixOfStringInTable_11,Release,$MftMirr,18992
IsPrefixOfStringInTable_12,Release,$MftMirr,19932
IsPrefixOfStringInTable_13,Release,$MftMirr,18984
IsPrefixOfStringInTable_14,Release,$MftMirr,19916
IsPrefixOfStringInTable_x64_1,Release,$MftMirr,7482
IsPrefixOfStringInTable_x64_2,Release,$MftMirr,24616
IsPrefixOfStringInTable_x64_3,Release,$MftMirr,59726
IsPrefixOfStringInTable_x64_4,Release,$MftMirr,23834
IsPrefixOfStringInTable_x64_5,Release,$MftMirr,23684
IntegerDivision_x64_1,Release,$MftMirr,94986
IsPrefixOfCStrInArray,Release,$Mft,73156
IsPrefixOfStringInTable_1,Release,$Mft,36934
IsPrefixOfStringInTable_2,Release,$Mft,66918
IsPrefixOfStringInTable_3,Release,$Mft,23972
IsPrefixOfStringInTable_4,Release,$Mft,23036
IsPrefixOfStringInTable_5,Release,$Mft,66826
IsPrefixOfStringInTable_6,Release,$Mft,20914
IsPrefixOfStringInTable_7,Release,$Mft,20912
IsPrefixOfStringInTable_8,Release,$Mft,19986
IsPrefixOfStringInTable_9,Release,$Mft,19048
IsPrefixOfStringInTable_10,Release,$Mft,19054
IsPrefixOfStringInTable_11,Release,$Mft,18990
IsPrefixOfStringInTable_12,Release,$Mft,19920
IsPrefixOfStringInTable_13,Release,$Mft,18986
IsPrefixOfStringInTable_14,Release,$Mft,19916
IsPrefixOfStringInTable_x64_1,Release,$Mft,7484
IsPrefixOfStringInTable_x64_2,Release,$Mft,24624
IsPrefixOfStringInTable_x64_3,Release,$Mft,59742
IsPrefixOfStringInTable_x64_4,Release,$Mft,23818
IsPrefixOfStringInTable_x64_5,Release,$Mft,23680
IntegerDivision_x64_1,Release,$Mft,94982
IsPrefixOfCStrInArray,Release,$Secure,79642
IsPrefixOfStringInTable_1,Release,$Secure,59676
IsPrefixOfStringInTable_2,Release,$Secure,72488
IsPrefixOfStringInTable_3,Release,$Secure,28996
IsPrefixOfStringInTable_4,Release,$Secure,30390
IsPrefixOfStringInTable_5,Release,$Secure,73078
IsPrefixOfStringInTable_6,Release,$Secure,25946
IsPrefixOfStringInTable_7,Release,$Secure,25956
IsPrefixOfStringInTable_8,Release,$Secure,25098
IsPrefixOfStringInTable_9,Release,$Secure,24118
IsPrefixOfStringInTable_10,Release,$Secure,24208
IsPrefixOfStringInTable_11,Release,$Secure,24472
IsPrefixOfStringInTable_12,Release,$Secure,25778
IsPrefixOfStringInTable_13,Release,$Secure,22960
IsPrefixOfStringInTable_14,Release,$Secure,22976
IsPrefixOfStringInTable_x64_1,Release,$Secure,7484
IsPrefixOfStringInTable_x64_2,Release,$Secure,34490
IsPrefixOfStringInTable_x64_3,Release,$Secure,66732
IsPrefixOfStringInTable_x64_4,Release,$Secure,34356
IsPrefixOfStringInTable_x64_5,Release,$Secure,34262
IntegerDivision_x64_1,Release,$Secure,94982
IsPrefixOfCStrInArray,Release,$UpCase,87632
IsPrefixOfStringInTable_1,Release,$UpCase,61068
IsPrefixOfStringInTable_2,Release,$UpCase,72490
IsPrefixOfStringInTable_3,Release,$UpCase,28994
IsPrefixOfStringInTable_4,Release,$UpCase,30362
IsPrefixOfStringInTable_5,Release,$UpCase,73022
IsPrefixOfStringInTable_6,Release,$UpCase,25948
IsPrefixOfStringInTable_7,Release,$UpCase,25946
IsPrefixOfStringInTable_8,Release,$UpCase,25088
IsPrefixOfStringInTable_9,Release,$UpCase,24168
IsPrefixOfStringInTable_10,Release,$UpCase,24202
IsPrefixOfStringInTable_11,Release,$UpCase,24508
IsPrefixOfStringInTable_12,Release,$UpCase,25750
IsPrefixOfStringInTable_13,Release,$UpCase,22960
IsPrefixOfStringInTable_14,Release,$UpCase,22972
IsPrefixOfStringInTable_x64_1,Release,$UpCase,7482
IsPrefixOfStringInTable_x64_2,Release,$UpCase,34494
IsPrefixOfStringInTable_x64_3,Release,$UpCase,66702
IsPrefixOfStringInTable_x64_4,Release,$UpCase,34370
IsPrefixOfStringInTable_x64_5,Release,$UpCase,34204
IntegerDivision_x64_1,Release,$UpCase,94982
IsPrefixOfCStrInArray,Release,$Volume,94598
IsPrefixOfStringInTable_1,Release,$Volume,66690
IsPrefixOfStringInTable_2,Release,$Volume,72492
IsPrefixOfStringInTable_3,Release,$Volume,28994
IsPrefixOfStringInTable_4,Release,$Volume,30322
IsPrefixOfStringInTable_5,Release,$Volume,73014
IsPrefixOfStringInTable_6,Release,$Volume,25948
IsPrefixOfStringInTable_7,Release,$Volume,25944
IsPrefixOfStringInTable_8,Release,$Volume,25132
IsPrefixOfStringInTable_9,Release,$Volume,24136
IsPrefixOfStringInTable_10,Release,$Volume,24202
IsPrefixOfStringInTable_11,Release,$Volume,24458
IsPrefixOfStringInTable_12,Release,$Volume,25700
IsPrefixOfStringInTable_13,Release,$Volume,22974
IsPrefixOfStringInTable_14,Release,$Volume,22970
IsPrefixOfStringInTable_x64_1,Release,$Volume,7484
IsPrefixOfStringInTable_x64_2,Release,$Volume,34494
IsPrefixOfStringInTable_x64_3,Release,$Volume,66702
IsPrefixOfStringInTable_x64_4,Release,$Volume,34350
IsPrefixOfStringInTable_x64_5,Release,$Volume,34224
IntegerDivision_x64_1,Release,$Volume,94978
IsPrefixOfCStrInArray,Release,$Cairo,99586
IsPrefixOfStringInTable_1,Release,$Cairo,63684
IsPrefixOfStringInTable_2,Release,$Cairo,72470
IsPrefixOfStringInTable_3,Release,$Cairo,28988
IsPrefixOfStringInTable_4,Release,$Cairo,30316
IsPrefixOfStringInTable_5,Release,$Cairo,73044
IsPrefixOfStringInTable_6,Release,$Cairo,25948
IsPrefixOfStringInTable_7,Release,$Cairo,25972
IsPrefixOfStringInTable_8,Release,$Cairo,25082
IsPrefixOfStringInTable_9,Release,$Cairo,24146
IsPrefixOfStringInTable_10,Release,$Cairo,24226
IsPrefixOfStringInTable_11,Release,$Cairo,24484
IsPrefixOfStringInTable_12,Release,$Cairo,25746
IsPrefixOfStringInTable_13,Release,$Cairo,22962
IsPrefixOfStringInTable_14,Release,$Cairo,22972
IsPrefixOfStringInTable_x64_1,Release,$Cairo,7482
IsPrefixOfStringInTable_x64_2,Release,$Cairo,34438
IsPrefixOfStringInTable_x64_3,Release,$Cairo,66700
IsPrefixOfStringInTable_x64_4,Release,$Cairo,34368
IsPrefixOfStringInTable_x64_5,Release,$Cairo,34244
IntegerDivision_x64_1,Release,$Cairo,94980
IsPrefixOfCStrInArray,Release,$INDEX_ALLOCATION,127492
IsPrefixOfStringInTable_1,Release,$INDEX_ALLOCATION,108602
IsPrefixOfStringInTable_2,Release,$INDEX_ALLOCATION,69462
IsPrefixOfStringInTable_3,Release,$INDEX_ALLOCATION,34742
IsPrefixOfStringInTable_4,Release,$INDEX_ALLOCATION,37912
IsPrefixOfStringInTable_5,Release,$INDEX_ALLOCATION,64952
IsPrefixOfStringInTable_6,Release,$INDEX_ALLOCATION,31910
IsPrefixOfStringInTable_7,Release,$INDEX_ALLOCATION,31762
IsPrefixOfStringInTable_8,Release,$INDEX_ALLOCATION,30992
IsPrefixOfStringInTable_9,Release,$INDEX_ALLOCATION,30358
IsPrefixOfStringInTable_10,Release,$INDEX_ALLOCATION,30528
IsPrefixOfStringInTable_11,Release,$INDEX_ALLOCATION,30810
IsPrefixOfStringInTable_12,Release,$INDEX_ALLOCATION,31970
IsPrefixOfStringInTable_13,Release,$INDEX_ALLOCATION,28836
IsPrefixOfStringInTable_14,Release,$INDEX_ALLOCATION,28808
IsPrefixOfStringInTable_x64_1,Release,$INDEX_ALLOCATION,7482
IsPrefixOfStringInTable_x64_2,Release,$INDEX_ALLOCATION,43510
IsPrefixOfStringInTable_x64_3,Release,$INDEX_ALLOCATION,121590
IsPrefixOfStringInTable_x64_4,Release,$INDEX_ALLOCATION,43770
IsPrefixOfStringInTable_x64_5,Release,$INDEX_ALLOCATION,43628
IntegerDivision_x64_1,Release,$INDEX_ALLOCATION,94980
IsPrefixOfCStrInArray,Release,$DATA,108584
IsPrefixOfStringInTable_1,Release,$DATA,63748
IsPrefixOfStringInTable_2,Release,$DATA,72482
IsPrefixOfStringInTable_3,Release,$DATA,29000
IsPrefixOfStringInTable_4,Release,$DATA,30388
IsPrefixOfStringInTable_5,Release,$DATA,73044
IsPrefixOfStringInTable_6,Release,$DATA,25946
IsPrefixOfStringInTable_7,Release,$DATA,25944
IsPrefixOfStringInTable_8,Release,$DATA,25108
IsPrefixOfStringInTable_9,Release,$DATA,24146
IsPrefixOfStringInTable_10,Release,$DATA,24184
IsPrefixOfStringInTable_11,Release,$DATA,24522
IsPrefixOfStringInTable_12,Release,$DATA,25730
IsPrefixOfStringInTable_13,Release,$DATA,22962
IsPrefixOfStringInTable_14,Release,$DATA,22968
IsPrefixOfStringInTable_x64_1,Release,$DATA,7482
IsPrefixOfStringInTable_x64_2,Release,$DATA,34492
IsPrefixOfStringInTable_x64_3,Release,$DATA,66710
IsPrefixOfStringInTable_x64_4,Release,$DATA,34352
IsPrefixOfStringInTable_x64_5,Release,$DATA,34250
IntegerDivision_x64_1,Release,$DATA,95170
IsPrefixOfCStrInArray,Release,????,79516
IsPrefixOfStringInTable_1,Release,????,54438
IsPrefixOfStringInTable_2,Release,????,66866
IsPrefixOfStringInTable_3,Release,????,23950
IsPrefixOfStringInTable_4,Release,????,23028
IsPrefixOfStringInTable_5,Release,????,66830
IsPrefixOfStringInTable_6,Release,????,20910
IsPrefixOfStringInTable_7,Release,????,20912
IsPrefixOfStringInTable_8,Release,????,19984
IsPrefixOfStringInTable_9,Release,????,19058
IsPrefixOfStringInTable_10,Release,????,19036
IsPrefixOfStringInTable_11,Release,????,18990
IsPrefixOfStringInTable_12,Release,????,19968
IsPrefixOfStringInTable_13,Release,????,18986
IsPrefixOfStringInTable_14,Release,????,19916
IsPrefixOfStringInTable_x64_1,Release,????,7482
IsPrefixOfStringInTable_x64_2,Release,????,24646
IsPrefixOfStringInTable_x64_3,Release,????,59750
IsPrefixOfStringInTable_x64_4,Release,????,23828
IsPrefixOfStringInTable_x64_5,Release,????,23674
IntegerDivision_x64_1,Release,????,94984
IsPrefixOfCStrInArray,Release,.,73886
IsPrefixOfStringInTable_1,Release,.,44950
IsPrefixOfStringInTable_2,Release,.,66902
IsPrefixOfStringInTable_3,Release,.,23956
IsPrefixOfStringInTable_4,Release,.,23052
IsPrefixOfStringInTable_5,Release,.,66884
IsPrefixOfStringInTable_6,Release,.,20934
IsPrefixOfStringInTable_7,Release,.,20938
IsPrefixOfStringInTable_8,Release,.,19982
IsPrefixOfStringInTable_9,Release,.,19056
IsPrefixOfStringInTable_10,Release,.,19026
IsPrefixOfStringInTable_11,Release,.,18990
IsPrefixOfStringInTable_12,Release,.,19920
IsPrefixOfStringInTable_13,Release,.,18984
IsPrefixOfStringInTable_14,Release,.,19944
IsPrefixOfStringInTable_x64_1,Release,.,7486
IsPrefixOfStringInTable_x64_2,Release,.,24646
IsPrefixOfStringInTable_x64_3,Release,.,59732
IsPrefixOfStringInTable_x64_4,Release,.,23818
IsPrefixOfStringInTable_x64_5,Release,.,23658
IntegerDivision_x64_1,Release,.,94982
IsPrefixOfCStrInArray,Release,$Bai123456789012,120536
IsPrefixOfStringInTable_1,Release,$Bai123456789012,104598
IsPrefixOfStringInTable_2,Release,$Bai123456789012,65802
IsPrefixOfStringInTable_3,Release,$Bai123456789012,36174
IsPrefixOfStringInTable_4,Release,$Bai123456789012,40070
IsPrefixOfStringInTable_5,Release,$Bai123456789012,66758
IsPrefixOfStringInTable_6,Release,$Bai123456789012,33714
IsPrefixOfStringInTable_7,Release,$Bai123456789012,33922
IsPrefixOfStringInTable_8,Release,$Bai123456789012,33654
IsPrefixOfStringInTable_9,Release,$Bai123456789012,31992
IsPrefixOfStringInTable_10,Release,$Bai123456789012,31832
IsPrefixOfStringInTable_11,Release,$Bai123456789012,31742
IsPrefixOfStringInTable_12,Release,$Bai123456789012,32800
IsPrefixOfStringInTable_13,Release,$Bai123456789012,28822
IsPrefixOfStringInTable_14,Release,$Bai123456789012,28574
IsPrefixOfStringInTable_x64_1,Release,$Bai123456789012,7484
IsPrefixOfStringInTable_x64_2,Release,$Bai123456789012,47836
IsPrefixOfStringInTable_x64_3,Release,$Bai123456789012,71688
IsPrefixOfStringInTable_x64_4,Release,$Bai123456789012,47628
IsPrefixOfStringInTable_x64_5,Release,$Bai123456789012,46892
IntegerDivision_x64_1,Release,$Bai123456789012,95002
IsPrefixOfCStrInArray,Release,a,72898
IsPrefixOfStringInTable_1,Release,a,43922
IsPrefixOfStringInTable_2,Release,a,45456
IsPrefixOfStringInTable_3,Release,a,17142
IsPrefixOfStringInTable_4,Release,a,18920
IsPrefixOfStringInTable_5,Release,a,43784
IsPrefixOfStringInTable_6,Release,a,14996
IsPrefixOfStringInTable_7,Release,a,14962
IsPrefixOfStringInTable_8,Release,a,14060
IsPrefixOfStringInTable_9,Release,a,11964
IsPrefixOfStringInTable_10,Release,a,10982
IsPrefixOfStringInTable_11,Release,a,11148
IsPrefixOfStringInTable_12,Release,a,10984
IsPrefixOfStringInTable_13,Release,a,10974
IsPrefixOfStringInTable_14,Release,a,11512
IsPrefixOfStringInTable_x64_1,Release,a,7488
IsPrefixOfStringInTable_x64_2,Release,a,7982
IsPrefixOfStringInTable_x64_3,Release,a,37166
IsPrefixOfStringInTable_x64_4,Release,a,7008
IsPrefixOfStringInTable_x64_5,Release,a,7010
IntegerDivision_x64_1,Release,a,95990
IsPrefixOfCStrInArray,Release,fox1,72832
IsPrefixOfStringInTable_1,Release,fox1,49920
IsPrefixOfStringInTable_2,Release,fox1,45450
IsPrefixOfStringInTable_3,Release,fox1,17138
IsPrefixOfStringInTable_4,Release,fox1,18920
IsPrefixOfStringInTable_5,Release,fox1,43788
IsPrefixOfStringInTable_6,Release,fox1,14976
IsPrefixOfStringInTable_7,Release,fox1,14980
IsPrefixOfStringInTable_8,Release,fox1,14062
IsPrefixOfStringInTable_9,Release,fox1,11962
IsPrefixOfStringInTable_10,Release,fox1,10982
IsPrefixOfStringInTable_11,Release,fox1,11146
IsPrefixOfStringInTable_12,Release,fox1,10982
IsPrefixOfStringInTable_13,Release,fox1,10978
IsPrefixOfStringInTable_14,Release,fox1,11508
IsPrefixOfStringInTable_x64_1,Release,fox1,7488
IsPrefixOfStringInTable_x64_2,Release,fox1,7980
IsPrefixOfStringInTable_x64_3,Release,fox1,37160
IsPrefixOfStringInTable_x64_4,Release,fox1,7008
IsPrefixOfStringInTable_x64_5,Release,fox1,6996
IntegerDivision_x64_1,Release,fox1,96174
IsPrefixOfCStrInArray,Release,abcdefghijklmnopqrstuvw,72846
IsPrefixOfStringInTable_1,Release,abcdefghijklmnopqrstuvw,107170
IsPrefixOfStringInTable_2,Release,abcdefghijklmnopqrstuvw,43830
IsPrefixOfStringInTable_3,Release,abcdefghijklmnopqrstuvw,17136
IsPrefixOfStringInTable_4,Release,abcdefghijklmnopqrstuvw,18920
IsPrefixOfStringInTable_5,Release,abcdefghijklmnopqrstuvw,39824
IsPrefixOfStringInTable_6,Release,abcdefghijklmnopqrstuvw,14960
IsPrefixOfStringInTable_7,Release,abcdefghijklmnopqrstuvw,14960
IsPrefixOfStringInTable_8,Release,abcdefghijklmnopqrstuvw,14068
IsPrefixOfStringInTable_9,Release,abcdefghijklmnopqrstuvw,11962
IsPrefixOfStringInTable_10,Release,abcdefghijklmnopqrstuvw,10978
IsPrefixOfStringInTable_11,Release,abcdefghijklmnopqrstuvw,11148
IsPrefixOfStringInTable_12,Release,abcdefghijklmnopqrstuvw,10984
IsPrefixOfStringInTable_13,Release,abcdefghijklmnopqrstuvw,10976
IsPrefixOfStringInTable_14,Release,abcdefghijklmnopqrstuvw,11506
IsPrefixOfStringInTable_x64_1,Release,abcdefghijklmnopqrstuvw,7490
IsPrefixOfStringInTable_x64_2,Release,abcdefghijklmnopqrstuvw,7982
IsPrefixOfStringInTable_x64_3,Release,abcdefghijklmnopqrstuvw,37166
IsPrefixOfStringInTable_x64_4,Release,abcdefghijklmnopqrstuvw,7008
IsPrefixOfStringInTable_x64_5,Release,abcdefghijklmnopqrstuvw,6990
IntegerDivision_x64_1,Release,abcdefghijklmnopqrstuvw,95994
